{
  "WorkItem": {
    "AffectedComponent": {
      "Name": "",
      "DisplayName": ""
    },
    "ClosedComment": "",
    "ClosedDate": null,
    "CommentCount": 0,
    "Custom": null,
    "Description": "Download the URL: http://download.microsoft.com/download/8/1/d/81d3f35e-fa03-485b-953b-ff952e402520/VS2008ProEdition90dayTrialENUX1435622.iso from Dot Net Download Manager\n \nThis file(Greater than 1Gb) is downloading for some time and then not responding...",
    "LastUpdatedDate": "2015-06-10T02:11:22.5-07:00",
    "PlannedForRelease": "",
    "ReleaseVisibleToPublic": false,
    "Priority": {
      "Name": "Low",
      "Severity": 50,
      "Id": 1
    },
    "ProjectName": "dotnetdownloader",
    "ReportedDate": "2012-07-05T04:12:53.097-07:00",
    "Status": {
      "Name": "Proposed",
      "Id": 1
    },
    "ReasonClosed": {
      "Name": "Unassigned"
    },
    "Summary": "Downloading Greater than 1Gb files not working",
    "Type": {
      "Name": "Issue",
      "Id": 3
    },
    "VoteCount": 1,
    "Id": 498
  },
  "FileAttachments": [
    {
      "FileId": 205,
      "FileName": "05-07-2012 16-44-01.png",
      "DownloadUrl": ".\\205"
    }
  ],
  "Comments": [
    {
      "Message": "Hi, if somebody need to fix this trouble too, I has found solution.\r\n\r\nRemove cast to integer type in The .NET Downloader\\MyDownloader.Extension\\Protocols\\HttpProtocolProvider.cs file, lines 66, 70.\r\n\r\nYou must have this in result.\n```\npublic virtual Stream CreateStream(ResourceLocation rl, long initialPosition, long endPosition)\n        {\n            HttpWebRequest request = (HttpWebRequest)GetRequest(rl);\r\n\r\n            FillCredentials(request, rl);\r\n\r\n            if (initialPosition != 0)\n            {\n                if (endPosition == 0)\n                {\n                    request.AddRange(initialPosition);\n                }\n                else\n                {\n                    request.AddRange(initialPosition, endPosition);\n                }\n            }\r\n\r\n            WebResponse response = request.GetResponse();\n            \n            return response.GetResponseStream();\n        }\n```",
      "PostedDate": "2015-06-10T02:11:22.5-07:00",
      "Id": -2147483648
    }
  ]
}